"codon","attempted_remove","amino_acid","original_usage","refactored_usage","projected_usage","delta_usage","original_count","original_amino_acid_count","refactored_count","refactored_amino_acid_count"
"TGA","TRUE","*",0.28,0,,-0.28,990,3550,3,3550
"TAG","TRUE","*",0.07,0,,-0.07,237,3550,0,3550
"TAA","FALSE","*",0.65,1,,0.34,2323,3550,3547,3550
"GCC","TRUE","A",0.27,0,,-0.27,29792,110861,66,110861
"GCA","FALSE","A",0.21,0.23,0.325,0.02,23047,110861,25183,110861
"GCT","FALSE","A",0.16,0.35,0.16,0.19,17519,110861,38730,110861
"GCG","FALSE","A",0.37,0.42,0.515,0.06,40503,110861,46882,110861
"TGC","FALSE","C",0.56,0.56,,0,7437,13253,7437,13253
"TGT","FALSE","C",0.44,0.44,,0,5816,13253,5816,13253
"GAT","FALSE","D",0.63,0.63,,0,37064,59257,37064,59257
"GAC","FALSE","D",0.37,0.37,,0,22193,59257,22193,59257
"GAA","FALSE","E",0.7,0.7,,0,46497,66777,46497,66777
"GAG","FALSE","E",0.3," ",,0,20280,66777,20280,66777
"TTT","FALSE","F",0.57,0.57,,0,25571,45076,25571,45076
"TTC","FALSE","F",0.43,0.43,,0,19505,45076,19505,45076
"GGA","FALSE","G",0.1,0.1,,0,8458,85439,8458,85439
"GGC","FALSE","G",0.41,0.41,,0,35190,85439,35190,85439
"GGT","FALSE","G",0.34,0.34,,0,29268,85439,29268,85439
"GGG","FALSE","G",0.15,0.15,,0,12523,85439,12523,85439
"CAT","FALSE","H",0.57,0.57,,0,14808,26033,14808,26033
"CAC","FALSE","H",0.43,0.43,,0,11225,26033,11225,26033
"ATA","TRUE","I",0.06,0,,-0.06,4036,69009,0,69009
"ATC","FALSE","I",0.43,0.43,0.35,0,29638,69009,29869,69009
"ATT","FALSE","I",0.51,0.57,0.65,0.06,35335,69009,39140,69009
"AAA","FALSE","K",0.77,0.77,,0,38663,50023,38663,50023
"AAG","FALSE","K",0.23,0.23,,0,11360,50023,11360,50023
"TTG","TRUE","L",0.13,0,,-0.13,15829,124038,26,124038
"TTA","TRUE","L",0.13,0,,-0.13,15694,124038,10,124038
"CTA","FALSE","L",0.03,0.04,0.04,0.01,4339,124038,5461,124038
"CTC","FALSE","L",0.1,0.2,,0.1,12787,124038,25113,124038
"CTT","FALSE","L",0.1,0.23,,0.13,12300,124038,28423,124038
"CTG","FALSE","L",0.51,0.52,,0.02,63089,124038,65005,124038
"ATG","FALSE","M",1,1,,0,32490,32490,32490,32490
"AAC","FALSE","N",0.56,0.56,,0,24951,44277,24951,44277
"AAT","FALSE","N",0.44,0.44,,0,19326,44277,19326,44277
"CCC","TRUE","P",0.12,0,,-0.12,6060,51391,5,51391
"CCA","FALSE","P",0.19,0.19,0.34,0,9590,51391,9804,51391
"CCT","FALSE","P",0.15,0.25,0.1,0.1,7829,51391,12885,51391
"CCG","FALSE","P",0.54,0.56,,0.02,27912,51391,28697,51391
"CAG","FALSE","Q",0.65,0.65,,0,33498,51193,33498,51193
"CAA","FALSE","Q",0.35,0.35,,0,17695,51193,17695,51193
"CGG","TRUE","R",0.09,0,,-0.09,5653,63027,5,63027
"AGA","TRUE","R",0.03,0,,-0.03,1704,63027,3,63027
"AGG","TRUE","R",0.01,0,,-0.01,944,63027,1,63027
"CGA","FALSE","R",0.06,0.06,0.06,0,3751,63027,3866,63027
"CGC","FALSE","R",0.41,0.43,,0.02,25946,63027,27029,63027
"CGT","FALSE","R",0.4,0.51,,0.11,25029,63027,32123,63027
"AGC","TRUE","S",0.28,0,,-0.28,18333,65411,39,65411
"TCC","TRUE","S",0.15,0,,-0.15,9999,65411,35,65411
"AGT","TRUE","S",0.15,0,,-0.15,9563,65411,11,65411
"TCA","FALSE","S",0.12,0.14,0.1,0.02,7573,65411,8915,65411
"TCG","FALSE","S",0.16,0.24,,0.08,10377,65411,15541,65411
"TCT","FALSE","S",0.15,0.62,,0.48,9566,65411,40870,65411
"ACC","TRUE","T",0.45,0,,-0.45,27262,60963,84,60963
"ACA","FALSE","T",0.12,0.13,0.1,0.01,7194,60963,7780,60963
"ACG","FALSE","T",0.27,0.31,,0.04,16456,60963,19199,60963
"ACT","FALSE","T",0.16,0.56,,0.39,10051,60963,33900,60963
"GTC","TRUE","V",0.21,0,,-0.21,17735,82614,44,82614
"GTA","FALSE","V",0.15,0.16,0.1,0.01,12617,82614,13305,82614
"GTG","FALSE","V",0.38,0.41,,0.04,31009,82614,34162,82614
"GTT","FALSE","V",0.26,0.42,,0.17,21253,82614,35103,82614
"TGG","FALSE","W",1,1,,0,17494,17494,17494,17494
"TAT","FALSE","Y",0.56,0.56,,0,18102,32177,18102,32177
"TAC","FALSE","Y",0.44,0.44,,0,14075,32177,14075,32177
