POS	ID	REF	ALT
745946	uag_745946	C	T
498238	uag_498238	C	T
410521	uag_410521	C	T
3066195	uag_3066195	C	T
1801591	uag_1801591	G	A
2840436	uag_2840436	G	A
3982216	uag_3982216	G	A
2137783	uag_2137783	C	T
3918973	uag_3918973	C	T
315677	uag_315677	G	A
381803	uag_381803	G	A
1202447	uag_1202447	G	A
1286207	uag_1286207	G	A
1465945	uag_1465945	C	T
1649561	uag_1649561	G	A
1872102	uag_1872102	C	T
2066976	uag_2066976	C	T
2994394	uag_2994394	C	T
3185437	uag_3185437	G	A
4497523	uag_4497523	G	A
4505486	uag_4505486	G	A
2163022	uag_2163022	G	A
812170	uag_812170	G	A
3542096	uag_3542096	C	T
4375212	uag_4375212	C	T
1792196	uag_1792196	C	T
177662	uag_177662	C	T
2057988	uag_2057988	C	T
183620	uag_183620	G	A
3808327	uag_3808327	G	A
4104343	uag_4104343	G	A
4636143	uag_4636143	G	A
921589	uag_921589	C	T
357015	uag_357015	C	T
3328418	uag_3328418	G	A
1996518	uag_1996518	C	T
1555136	uag_1555136	C	T
3816607	uag_3816607	G	A
1663144	uag_1663144	G	A
314468	uag_314468	G	A
3295006	uag_3295006	G	A
1924806	uag_1924806	G	A
1148935	uag_1148935	G	A
4508713	uag_4508713	C	T
4539582	uag_4539582	G	A
2010724	uag_2010724	C	T
2019525	uag_2019525	G	A
2020630	uag_2020630	G	A
2020909	uag_2020909	G	A
3501974	uag_3501974	G	A
378830	uag_378830	C	T
4145502	uag_4145502	G	A
2792037	uag_2792037	G	A
3656916	uag_3656916	G	A
3663009	uag_3663009	C	T
2167717	uag_2167717	C	T
3127058	uag_3127058	G	A
3564623	uag_3564623	C	T
3860520	uag_3860520	C	T
3543587	uag_3543587	G	A
2616097	uag_2616097	C	T
1264193	uag_1264193	G	A
3984709	uag_3984709	C	T
2088070	uag_2088070	G	A
607211	uag_607211	G	A
3790849	uag_3790849	C	T
2840595	uag_2840595	C	T
2849895	uag_2849895	G	A
4488164	uag_4488164	C	T
3954898	uag_3954898	G	A
3948443	uag_3948443	G	A
4517037	uag_4517037	G	A
1410024	uag_1410024	C	T
3850913	uag_3850913	C	T
1307040	uag_1307040	C	T
2981310	uag_2981310	C	T
3476824	uag_3476824	C	T
47776	uag_47776	G	A
2722470	uag_2722470	C	T
3779040	uag_3779040	G	A
1731727	uag_1731727	G	A
3817511	uag_3817511	C	T
937206	uag_937206	G	A
460466	uag_460466	G	A
4621124	uag_4621124	C	T
968575	uag_968575	G	A
2812240	uag_2812240	C	T
3546008	uag_3546008	C	T
1617981	uag_1617981	G	A
1618231	uag_1618231	G	A
2908778	uag_2908778	C	T
4575981	uag_4575981	C	T
469867	uag_469867	G	A
2377370	uag_2377370	C	T
2822513	uag_2822513	C	T
2509490	uag_2509490	C	T
852092	uag_852092	C	T
818970	uag_818970	G	A
3396897	uag_3396897	C	T
4439561	uag_4439561	C	T
96008	uag_96008	G	A
2968373	uag_2968373	G	A
111433	uag_111433	G	A
3102087	uag_3102087	G	A
4536808	uag_4536808	C	T
745949	uag_745949	G	A
1790291	uag_1790291	C	T
3306062	uag_3306062	C	T
2833067	uag_2833067	G	A
1839921	uag_1839921	G	A
1978212	uag_1978212	C	T
1457076	uag_1457076	G	A
1462513	uag_1462513	G	A
1153332	uag_1153332	G	A
442828	uag_442828	C	T
2992437	uag_2992437	G	A
2643035	uag_2643035	C	T
122856	uag_122856	G	A
436331	uag_436331	G	A
1147914	uag_1147914	G	A
2960463	uag_2960463	C	T
2858438	uag_2858438	G	A
4423857	uag_4423857	G	A
489509	uag_489509	C	T
353816	uag_353816	G	A
1364959	uag_1364959	C	T
3345091	uag_3345091	G	A
2964210	uag_2964210	C	T
3935191	uag_3935191	G	A
3937242	uag_3937242	G	A
2315049	uag_2315049	C	T
2314182	uag_2314182	G	A
3034395	uag_3034395	C	T
4005716	uag_4005716	G	A
2909439	uag_2909439	C	T
3764339	uag_3764339	G	A
1527962	uag_1527962	G	A
892092	uag_892092	G	A
663325	uag_663325	C	T
4016783	uag_4016783	G	A
3813886	uag_3813886	C	T
2911721	uag_2911721	C	T
577791	uag_577791	G	A
1647065	uag_1647065	G	A
2231619	uag_2231619	G	A
1352529	uag_1352529	C	T
3836160	uag_3836160	G	A
160782	uag_160782	C	T
3748115	uag_3748115	G	A
1417183	uag_1417183	G	A
1654768	uag_1654768	G	A
2825373	uag_2825373	G	A
761962	uag_761962	G	A
1762042	uag_1762042	C	T
4022359	uag_4022359	G	A
3264149	uag_3264149	C	T
1207740	uag_1207740	C	T
1632334	uag_1632334	C	T
1431010	uag_1431010	G	A
2469127	uag_2469127	G	A
72229	uag_72229	C	T
390963	uag_390963	C	T
567227	uag_567227	G	A
1093498	uag_1093498	C	T
2169422	uag_2169422	G	A
695499	uag_695499	G	A
3585393	uag_3585393	C	T
4422409	uag_4422409	G	A
2102518	uag_2102518	C	T
2128877	uag_2128877	C	T
2113931	uag_2113931	C	T
2112526	uag_2112526	C	T
3968100	uag_3968100	G	A
2519615	uag_2519615	C	T
3734180	uag_3734180	G	A
72115	uag_72115	G	A
184257	uag_184257	C	T
239378	uag_239378	G	A
247461	uag_247461	G	A
308582	uag_308582	C	T
339313	uag_339313	G	A
344215	uag_344215	G	A
344873	uag_344873	G	A
383283	uag_383283	C	T
442275	uag_442275	C	T
476249	uag_476249	G	A
479558	uag_479558	C	T
550555	uag_550555	G	A
570667	uag_570667	G	A
581375	uag_581375	C	T
633969	uag_633969	G	A
633970	uag_633970	C	T
674793	uag_674793	C	T
738076	uag_738076	G	A
715611	uag_715611	C	T
820729	uag_820729	G	A
825342	uag_825342	C	T
829195	uag_829195	C	T
853988	uag_853988	G	A
887182	uag_887182	G	A
904966	uag_904966	G	A
965807	uag_965807	G	A
982846	uag_982846	G	A
1005714	uag_1005714	C	T
1145234	uag_1145234	C	T
1118530	uag_1118530	C	T
1211926	uag_1211926	C	T
1244823	uag_1244823	G	A
1387919	uag_1387919	G	A
1378831	uag_1378831	G	A
1379813	uag_1379813	G	A
1390914	uag_1390914	G	A
1424004	uag_1424004	G	A
1501149	uag_1501149	G	A
1542408	uag_1542408	C	T
1563782	uag_1563782	C	T
1616242	uag_1616242	G	A
1596641	uag_1596641	C	T
1637054	uag_1637054	C	T
1724646	uag_1724646	G	A
1786302	uag_1786302	G	A
1787828	uag_1787828	G	A
1832135	uag_1832135	G	A
1872822	uag_1872822	G	A
1884834	uag_1884834	G	A
1950685	uag_1950685	G	A
2010025	uag_2010025	C	T
2032560	uag_2032560	G	A
2180083	uag_2180083	G	A
2180057	uag_2180057	C	T
2208966	uag_2208966	G	A
2272200	uag_2272200	G	A
2274320	uag_2274320	G	A
2332358	uag_2332358	C	T
2447250	uag_2447250	C	T
2451287	uag_2451287	C	T
2493072	uag_2493072	C	T
2508908	uag_2508908	G	A
2523952	uag_2523952	C	T
2589625	uag_2589625	G	A
2627503	uag_2627503	G	A
2695937	uag_2695937	C	T
2735517	uag_2735517	G	A
2767508	uag_2767508	G	A
2768426	uag_2768426	G	A
2798497	uag_2798497	G	A
2784751	uag_2784751	G	A
2785456	uag_2785456	G	A
2794359	uag_2794359	C	T
2854475	uag_2854475	C	T
2891950	uag_2891950	G	A
2977965	uag_2977965	C	T
2991878	uag_2991878	G	A
2993336	uag_2993336	C	T
2995711	uag_2995711	C	T
3013760	uag_3013760	G	A
3094695	uag_3094695	G	A
3129363	uag_3129363	C	T
3132845	uag_3132845	G	A
3203346	uag_3203346	C	T
3169901	uag_3169901	C	T
3267624	uag_3267624	G	A
3253042	uag_3253042	G	A
3302477	uag_3302477	G	A
3351143	uag_3351143	C	T
3363686	uag_3363686	G	A
3383879	uag_3383879	C	T
3437163	uag_3437163	C	T
3476614	uag_3476614	C	T
3681653	uag_3681653	C	T
3694020	uag_3694020	C	T
3717791	uag_3717791	G	A
3765202	uag_3765202	G	A
3787070	uag_3787070	C	T
3779711	uag_3779711	G	A
3840478	uag_3840478	C	T
3853983	uag_3853983	C	T
3868464	uag_3868464	G	A
3895462	uag_3895462	G	A
3896632	uag_3896632	G	A
4000836	uag_4000836	C	T
4059180	uag_4059180	G	A
4073477	uag_4073477	G	A
4076461	uag_4076461	G	A
4211703	uag_4211703	C	T
4266832	uag_4266832	C	T
4350903	uag_4350903	G	A
4351104	uag_4351104	G	A
4422539	uag_4422539	C	T
4498066	uag_4498066	C	T
4563989	uag_4563989	C	T
4567332	uag_4567332	G	A
4602225	uag_4602225	G	A
4612283	uag_4612283	G	A
279248	uag_279248	C	T
872024	uag_872024	G	A
874550	uag_874550	G	A
879080	uag_879080	G	A
1067477	uag_1067477	G	A
1203383	uag_1203383	G	A
1204954	uag_1204954	G	A
1216219	uag_1216219	G	A
1653371	uag_1653371	C	T
1755745	uag_1755745	C	T
1924120	uag_1924120	G	A
2223066	uag_2223066	C	T
2224531	uag_2224531	C	T
2492995	uag_2492995	G	A
2671790	uag_2671790	G	A
2782551	uag_2782551	C	T
2786260	uag_2786260	G	A
3012309	uag_3012309	C	T
2982433	uag_2982433	C	T
3174880	uag_3174880	C	T
3189718	uag_3189718	G	A
3581477	uag_3581477	G	A
4426102	uag_4426102	C	T
4431187	uag_4431187	C	T
4445914	uag_4445914	G	A
4610312	uag_4610312	G	A
4202668	uag_4202668	G	A
